%time,field.x,field.y,field.z
1659366834711011886,-1.9065083265304565,1.1782747507095337,0.0
1659366834745464086,-1.8971314430236816,1.1820248365402222,0.0
1659366834802780866,-1.8911585807800293,1.1843335628509521,0.0
1659366834836127996,-1.883188247680664,1.1873716115951538,0.0
1659366834882754564,-1.8771493434906006,1.1896493434906006,0.0
1659366834912102699,-1.8672711849212646,1.1932942867279053,0.0
1659366834967515468,-1.8611031770706177,1.1955145597457886,0.0
1659366835016207695,-1.8499798774719238,1.1994376182556152,0.0
1659366835073374986,-1.8439037799835205,1.2015380859375,0.0
1659366835095648050,-1.8352893590927124,1.2044289112091064,0.0
1659366835151815891,-1.8290812969207764,1.2064543962478638,0.0
1659366835183239936,-1.819935917854309,1.2093496322631836,0.0
1659366835239494562,-1.8136653900146484,1.2112613916397095,0.0
1659366835295539855,-1.8013778924942017,1.2149615287780762,0.0
1659366835353797912,-1.7950520515441895,1.2168654203414917,0.0
1659366835398192405,-1.7866851091384888,1.2193646430969238,0.0
1659366835442527294,-1.7803720235824585,1.2212222814559937,0.0
1659366835486145734,-1.7708759307861328,1.2239174842834473,0.0
1659366835534326076,-1.7645293474197388,1.22565758228302,0.0
1659366835578340768,-1.7548964023590088,1.228237271308899,0.0
1659366835624070167,-1.7483837604522705,1.2299444675445557,0.0
1659366835669725179,-1.7366604804992676,1.2329343557357788,0.0
1659366835713762521,-1.730196475982666,1.2345246076583862,0.0
1659366835757885456,-1.7209937572479248,1.236742615699768,0.0
1659366835801779985,-1.7145179510116577,1.2382841110229492,0.0
1659366835845729589,-1.7045611143112183,1.2406126260757446,0.0
1659366835890023469,-1.6979731321334839,1.2421187162399292,0.0
1659366835933850288,-1.6867583990097046,1.2446235418319702,0.0
1659366835977761268,-1.680452823638916,1.2460006475448608,0.0
1659366836022100687,-1.6711448431015015,1.2479833364486694,0.0
1659366836066911935,-1.6647000312805176,1.2493139505386353,0.0
1659366836110041856,-1.6541943550109863,1.2513772249221802,0.0
1659366836154442071,-1.6477500200271606,1.2525790929794312,0.0
1659366836199118614,-1.6383121013641357,1.2542953491210938,0.0
1659366836242426872,-1.631760835647583,1.2554755210876465,0.0
1659366836286176681,-1.6199672222137451,1.257534146308899,0.0
1659366836330424785,-1.6132519245147705,1.2586573362350464,0.0
1659366836374256372,-1.6038095951080322,1.2601996660232544,0.0
1659366836418303966,-1.5970615148544312,1.2612793445587158,0.0
1659366836503035068,-1.587414026260376,1.2628211975097656,0.0
1659366836503101587,-1.580492615699768,1.2639390230178833,0.0
1659366836546263694,-1.5706008672714233,1.2655558586120605,0.0
1659366836569404125,-1.5636576414108276,1.2666970491409302,0.0
1659366836616153001,-1.5512675046920776,1.26871919631958,0.0
1659366836665918111,-1.5444225072860718,1.2698336839675903,0.0
1659366836722493648,-1.5294294357299805,1.2722495794296265,0.0
1659366836776546239,-1.5226298570632935,1.2733278274536133,0.0
1659366836822608947,-1.5130518674850464,1.2748228311538696,0.0
1659366836867127656,-1.5063213109970093,1.275850772857666,0.0
1659366836914588928,-1.4931038618087769,1.2778247594833374,0.0
1659366836970498323,-1.48626708984375,1.2788268327713013,0.0
1659366837014046192,-1.477150559425354,1.2801568508148193,0.0
1659366837061378002,-1.470313310623169,1.281156063079834,0.0
1659366837105708837,-1.4594380855560303,1.2827039957046509,0.0
1659366837149696826,-1.45261549949646,1.2836248874664307,0.0
1659366837193677902,-1.4402174949645996,1.2852457761764526,0.0
1659366837239339828,-1.4333655834197998,1.2861387729644775,0.0
1659366837282214164,-1.4236057996749878,1.2874380350112915,0.0
1659366837326112985,-1.4167345762252808,1.2883776426315308,0.0
1659366837370636463,-1.4066486358642578,1.289719820022583,0.0
1659366837414200782,-1.3997424840927124,1.290587306022644,0.0
1659366837465564727,-1.386709213256836,1.2922286987304688,0.0
1659366837510466575,-1.3797810077667236,1.293123483657837,0.0
1659366837554469823,-1.3700674772262573,1.294386386871338,0.0
1659366837598261356,-1.363264799118042,1.2952648401260376,0.0
1659366837642286539,-1.3529671430587769,1.2965483665466309,0.0
1659366837686410427,-1.3460811376571655,1.2973719835281372,0.0
1659366837731082916,-1.3333137035369873,1.2988935708999634,0.0
1659366837783608913,-1.326253056526184,1.2997491359710693,0.0
1659366837826744556,-1.316374659538269,1.3009165525436401,0.0
1659366837875962972,-1.3095580339431763,1.3016798496246338,0.0
1659366837921743392,-1.2987127304077148,1.3028559684753418,0.0
1659366837965658426,-1.2917677164077759,1.3036091327667236,0.0
1659366838009790897,-1.2824610471725464,1.304652214050293,0.0
1659366838053941488,-1.2754958868026733,1.3054529428482056,0.0
1659366838097833395,-1.2657374143600464,1.3065553903579712,0.0
1659366838141906499,-1.2589187622070312,1.3072999715805054,0.0
1659366838185971498,-1.2485255002975464,1.3084187507629395,0.0
1659366838230132341,-1.241706371307373,1.3091589212417603,0.0
1659366838273997783,-1.2292261123657227,1.3105183839797974,0.0
1659366838317712068,-1.2226332426071167,1.3112326860427856,0.0
1659366838361640214,-1.2125914096832275,1.312305212020874,0.0
1659366838405801296,-1.2057944536209106,1.3130143880844116,0.0
1659366838449826478,-1.1958485841751099,1.3140313625335693,0.0
1659366838494028806,-1.1891248226165771,1.3147097826004028,0.0
1659366838494126319,-1.1795002222061157,1.3156319856643677,0.0
1659366838548598527,-1.1726423501968384,1.316236972808838,0.0
1659366838598487854,-1.1601060628890991,1.3172779083251953,0.0
1659366838655478954,-1.1533946990966797,1.317813515663147,0.0
1659366838697829961,-1.1436771154403687,1.3185396194458008,0.0
1659366838742822408,-1.1368333101272583,1.3189984560012817,0.0
1659366838785736083,-1.1260439157485962,1.319625973701477,0.0
1659366838829928874,-1.11924409866333,1.319972038269043,0.0
1659366838874383211,-1.1066524982452393,1.3205476999282837,0.0
1659366838927577257,-1.0997486114501953,1.3208338022232056,0.0
1659366838973899841,-1.089706540107727,1.3211894035339355,0.0
1659366839018054723,-1.08282470703125,1.32137930393219,0.0
1659366839061677932,-1.0731337070465088,1.3216217756271362,0.0
1659366839110164403,-1.066378116607666,1.3217997550964355,0.0
1659366839157603025,-1.0562329292297363,1.3220983743667603,0.0
1659366839207250356,-1.0493266582489014,1.3223179578781128,0.0
1659366839253869533,-1.038953185081482,1.32260262966156,0.0
1659366839303437232,-1.0321967601776123,1.3227484226226807,0.0
1659366839350461959,-1.0191901922225952,1.3230311870574951,0.0
1659366839393787860,-1.0120795965194702,1.3231855630874634,0.0
1659366839441788196,-1.0016026496887207,1.323372721672058,0.0
1659366839486652135,-0.9946682453155518,1.3234745264053345,0.0
1659366839486757278,-0.9848484992980957,1.3235993385314941,0.0
1659366839540084838,-0.9780149459838867,1.3236688375473022,0.0
1659366839567724704,-0.9685994982719421,1.3237147331237793,0.0
1659366839623486995,-0.9614872336387634,1.3236981630325317,0.0
1659366839665777444,-0.9517179727554321,1.3235864639282227,0.0
1659366839710085153,-0.944657564163208,1.323453664779663,0.0
1659366839753661632,-0.9345604181289673,1.323261022567749,0.0
1659366839799069881,-0.927626371383667,1.3231401443481445,0.0
1659366839841762781,-0.918743908405304,1.3229706287384033,0.0
1659366839885791063,-0.9117598533630371,1.3228156566619873,0.0
1659366839930076360,-0.8999691009521484,1.322506308555603,0.0
1659366839974337339,-0.8927841782569885,1.3222887516021729,0.0
1659366840019857883,-0.8793003559112549,1.3218615055084229,0.0
1659366840067773342,-0.8724451661109924,1.3216272592544556,0.0
1659366840109710454,-0.8628603219985962,1.321237564086914,0.0
1659366840153888225,-0.8559077978134155,1.3209056854248047,0.0
1659366840197621822,-0.8449108600616455,1.3203661441802979,0.0
1659366840241760730,-0.8379330039024353,1.320034146308899,0.0
1659366840285781860,-0.8250424861907959,1.319353699684143,0.0
1659366840339834451,-0.8181455135345459,1.3189328908920288,0.0
1659366840381849050,-0.8085489869117737,1.318289875984192,0.0
1659366840426582098,-0.8014793395996094,1.3177944421768188,0.0
1659366840522992372,-0.7902413606643677,1.317040205001831,0.0
1659366840523173809,-0.783067524433136,1.3165854215621948,0.0
1659366840566313743,-0.7701869010925293,1.315738558769226,0.0
1659366840611984014,-0.7630662322044373,1.315246820449829,0.0
1659366840658289909,-0.7531659007072449,1.3145947456359863,0.0
1659366840702270984,-0.7461933493614197,1.3141658306121826,0.0
1659366840746445894,-0.7351815104484558,1.313443899154663,0.0
1659366840790162086,-0.7282142639160156,1.3129360675811768,0.0
1659366840834314584,-0.7157454490661621,1.312005639076233,0.0
1659366840885250091,-0.7085254192352295,1.3114839792251587,0.0
1659366840930328369,-0.6983487010002136,1.3107917308807373,0.0
1659366840973947048,-0.6913777589797974,1.3103370666503906,0.0
1659366841018248796,-0.6801642179489136,1.3095966577529907,0.0
1659366841062920808,-0.6733455657958984,1.309140682220459,0.0
1659366841107537269,-0.6600359082221985,1.308260202407837,0.0
1659366841158734321,-0.65314120054245,1.307803750038147,0.0
1659366841202177762,-0.6437984108924866,1.307159423828125,0.0
1659366841248484373,-0.6368811130523682,1.3066622018814087,0.0
1659366841293829441,-0.6258233189582825,1.3058710098266602,0.0
1659366841337897300,-0.6187791228294373,1.305374264717102,0.0
1659366841381783962,-0.6090841293334961,1.3046875,0.0
1659366841425919771,-0.6020407676696777,1.3041795492172241,0.0
1659366841470444917,-0.5925998091697693,1.3034892082214355,0.0
1659366841513749361,-0.5857595801353455,1.302979588508606,0.0
1659366841562394142,-0.5762203931808472,1.3022445440292358,0.0
1659366841610770463,-0.569433867931366,1.3016972541809082,0.0
1659366841610885143,-0.5595496892929077,1.3008339405059814,0.0
1659366841663730621,-0.5526957511901855,1.3001856803894043,0.0
1659366841688328027,-0.543729305267334,1.2992945909500122,0.0
1659366841745774745,-0.536906361579895,1.2985904216766357,0.0
1659366841790380477,-0.526309609413147,1.297469973564148,0.0
1659366841837806701,-0.5201199054718018,1.2967945337295532,0.0
1659366841885751247,-0.5085809230804443,1.295445203781128,0.0
1659366841942272186,-0.502101480960846,1.2946327924728394,0.0
1659366841986767530,-0.49236464500427246,1.2933533191680908,0.0
1659366842034214496,-0.4857170283794403,1.2924602031707764,0.0
1659366842080825090,-0.47535625100135803,1.2910724878311157,0.0
1659366842129889965,-0.4685080349445343,1.2901519536972046,0.0
1659366842176670312,-0.4593844711780548,1.2888706922531128,0.0
1659366842221976041,-0.4525734484195709,1.2878674268722534,0.0
1659366842222163200,-0.4429614543914795,1.2864271402359009,0.0
1659366842270029306,-0.43612897396087646,1.2853962182998657,0.0
1659366842298498153,-0.42639872431755066,1.2838917970657349,0.0
1659366842354333639,-0.41942524909973145,1.2827792167663574,0.0
1659366842404532670,-0.40643173456192017,1.2806826829910278,0.0
1659366842459823846,-0.3995107114315033,1.2795627117156982,0.0
1659366842501839876,-0.38971835374832153,1.2779653072357178,0.0
1659366842545824289,-0.3827518820762634,1.276809573173523,0.0
1659366842589768648,-0.3721487820148468,1.2749961614608765,0.0
1659366842635065793,-0.36519426107406616,1.2737705707550049,0.0
1659366842689115762,-0.35457637906074524,1.2718944549560547,0.0
1659366842734227180,-0.34777000546455383,1.2707033157348633,0.0
1659366842777900457,-0.3348432183265686,1.268366813659668,0.0
1659366842824050903,-0.32797953486442566,1.2670665979385376,0.0
1659366842869804620,-0.31818991899490356,1.26516592502594,0.0
1659366842914084434,-0.31130918860435486,1.2638204097747803,0.0
1659366842958373308,-0.30109941959381104,1.2618262767791748,0.0
1659366843006168842,-0.2941198945045471,1.2604584693908691,0.0
1659366843050393104,-0.2845146059989929,1.258538842201233,0.0
1659366843096955537,-0.2774970531463623,1.2571029663085938,0.0
1659366843142498254,-0.26645955443382263,1.254859209060669,0.0
1659366843186076164,-0.25945958495140076,1.2534642219543457,0.0
1659366843230306386,-0.24680623412132263,1.2509106397628784,0.0
1659366843274440050,-0.23986589908599854,1.249476432800293,0.0
1659366843323260784,-0.23022639751434326,1.2474712133407593,0.0
1659366843371513843,-0.22321349382400513,1.2460129261016846,0.0
1659366843371681213,-0.21337077021598816,1.2439905405044556,0.0
1659366843420001268,-0.20650096237659454,1.242590308189392,0.0
1659366843471822023,-0.19350916147232056,1.2399228811264038,0.0
1659366843527949094,-0.18642151355743408,1.2384510040283203,0.0
1659366843574214696,-0.17674751579761505,1.2364879846572876,0.0
1659366843617744684,-0.16971811652183533,1.2351113557815552,0.0
1659366843661777496,-0.15911482274532318,1.233019471168518,0.0
1659366843713144063,-0.15196914970874786,1.2315787076950073,0.0
1659366843758459568,-0.1391642838716507,1.2290081977844238,0.0
1659366843803830385,-0.1323116570711136,1.2276508808135986,0.0
1659366843846256732,-0.12255359441041946,1.2257208824157715,0.0
1659366843891102313,-0.11560188233852386,1.2243428230285645,0.0
1659366843934493064,-0.1044379249215126,1.2220858335494995,0.0
1659366843990983724,-0.09737200289964676,1.2206339836120605,0.0
1659366844034736633,-0.08462519943714142,1.218031883239746,0.0
1659366844082206726,-0.07772839814424515,1.216637372970581,0.0
1659366844126411199,-0.06790400296449661,1.2146518230438232,0.0
1659366844174260377,-0.060982853174209595,1.2132500410079956,0.0
1659366844223393201,-0.05179508402943611,1.2114369869232178,0.0
1659366844270022392,-0.044957518577575684,1.2101348638534546,0.0
1659366844270160913,-0.03517840802669525,1.2083144187927246,0.0
1659366844320937871,-0.028282200917601585,1.2070505619049072,0.0
1659366844356169700,-0.015709219500422478,1.2047489881515503,0.0
1659366844411926984,-0.00871339999139309,1.2034670114517212,0.0
1659366844457648277,0.0017193160019814968,1.2015621662139893,0.0
1659366844502234697,0.008518191054463387,1.2003289461135864,0.0
1659366844550173521,0.01756252907216549,1.1987117528915405,0.0
1659366844594260931,0.02429341897368431,1.1975297927856445,0.0
1659366844642237901,0.034374408423900604,1.1958166360855103,0.0
1659366844686641216,0.04109325632452965,1.194714903831482,0.0
1659366844735268592,0.04996056854724884,1.1932636499404907,0.0
1659366844778584718,0.05680378898978233,1.1921383142471313,0.0
1659366844778729677,0.06599514186382294,1.1906297206878662,0.0
1659366844826187610,0.07281386107206345,1.1895114183425903,0.0
1659366844853264808,0.08246094733476639,1.18796706199646,0.0
1659366844910565614,0.08953946828842163,1.1868706941604614,0.0
1659366844956107854,0.1016274243593216,1.1850448846817017,0.0
1659366845005787611,0.1085861548781395,1.1840025186538696,0.0
1659366845054205179,0.11829636245965958,1.1825345754623413,0.0
1659366845138760566,0.12512768805027008,1.181496024131775,0.0
1659366845138884782,0.13474279642105103,1.1800767183303833,0.0
1659366845182405471,0.14136061072349548,1.1791526079177856,0.0
1659366845200306177,0.1511974334716797,1.1778569221496582,0.0
1659366845254810094,0.15802887082099915,1.1770037412643433,0.0
1659366845305251121,0.17046336829662323,1.1754695177078247,0.0
1659366845360049724,0.17744667828083038,1.1746070384979248,0.0
1659366845405849456,0.18822862207889557,1.1733217239379883,0.0
1659366845466603040,0.19524596631526947,1.1725316047668457,0.0
1659366845539960622,0.20506024360656738,1.1714732646942139,0.0
1659366845540055990,0.21213217079639435,1.1707165241241455,0.0
1659366845590511560,0.22096511721611023,1.1697649955749512,0.0
1659366845609959602,0.22791069746017456,1.16901695728302,0.0
1659366845657332181,0.23755042254924774,1.1679927110671997,0.0
1659366845702303409,0.2443983107805252,1.167283535003662,0.0
1659366845746010065,0.25406786799430847,1.1663013696670532,0.0
1659366845790146112,0.26094409823417664,1.1656209230422974,0.0
1659366845834242820,0.27039265632629395,1.1647189855575562,0.0
1659366845890475988,0.2769964039325714,1.1641141176223755,0.0
1659366845890554666,0.2865259051322937,1.163262963294983,0.0
1659366845970560312,0.2931320071220398,1.1626843214035034,0.0
1659366845970725536,0.3010502755641937,1.1620028018951416,0.0
1659366846020668268,0.30690106749534607,1.1615033149719238,0.0
1659366846050098657,0.31434428691864014,1.1609123945236206,0.0
1659366846105905294,0.3197970688343048,1.1605168581008911,0.0
1659366846156923532,0.3308332860469818,1.1597801446914673,0.0
1659366846213056564,0.33707350492477417,1.1594009399414062,0.0
1659366846258081197,0.3459697365760803,1.1589175462722778,0.0
1659366846316550970,0.3526443839073181,1.1586036682128906,0.0
1659366846361654281,0.36326637864112854,1.1581790447235107,0.0
1659366846405710697,0.370071142911911,1.1579508781433105,0.0
1659366846449812889,0.3820376992225647,1.157591462135315,0.0
1659366846493743419,0.38879284262657166,1.1573961973190308,0.0
1659366846537688016,0.3978002965450287,1.1571580171585083,0.0
1659366846609965085,0.4041518568992615,1.1570229530334473,0.0
1659366846610053062,0.4131613075733185,1.1568785905838013,0.0
1659366846654270172,0.4188558757305145,1.156817078590393,0.0
1659366846667057752,0.4268285930156708,1.156768560409546,0.0
1659366846722883701,0.43219447135925293,1.1567649841308594,0.0
1659366846773337602,0.4405721127986908,1.1568233966827393,0.0
1659366846829080820,0.44297635555267334,1.1568597555160522,0.0
1659366846874639272,0.4450007975101471,1.1569008827209473,0.0
1659366846918515205,0.44550687074661255,1.1569124460220337,0.0
1659366846963507175,0.4457598924636841,1.1569185256958008,0.0
1659366847005949497,0.4457598924636841,1.1569185256958008,0.0
1659366847050386667,0.4457598924636841,1.1569185256958008,0.0
1659366847094156980,0.4457598924636841,1.1569185256958008,0.0
1659366847138463973,0.4457598924636841,1.1569185256958008,0.0
1659366847182745933,0.4457598924636841,1.1569185256958008,0.0
1659366847226717710,0.4457598924636841,1.1569185256958008,0.0
1659366847281988382,0.4457598924636841,1.1569185256958008,0.0
1659366847326196908,0.4457598924636841,1.1569185256958008,0.0
1659366847370993137,0.4457598924636841,1.1569185256958008,0.0
1659366847413728952,0.4457598924636841,1.1569185256958008,0.0
1659366847457793235,0.4457598924636841,1.1569185256958008,0.0
1659366847509003400,0.4457598924636841,1.1569185256958008,0.0
1659366847553777694,0.4457598924636841,1.1569185256958008,0.0
1659366847598409891,0.4457598924636841,1.1569185256958008,0.0
1659366847642368555,0.4457598924636841,1.1569185256958008,0.0
1659366847686170101,0.4457598924636841,1.1569185256958008,0.0
1659366847734692096,0.4457598924636841,1.1569185256958008,0.0
1659366847782633304,0.4457598924636841,1.1569185256958008,0.0
1659366847826184749,0.4457598924636841,1.1569185256958008,0.0
1659366847870324850,0.4452032148838043,1.1569056510925293,0.0
1659366847924023389,0.4434065818786621,1.1568670272827148,0.0
1659366847974441528,0.4381428360939026,1.1567715406417847,0.0
1659366848017673969,0.4345743656158447,1.1567226648330688,0.0
1659366848065679788,0.4284241497516632,1.1566624641418457,0.0
1659366848115173101,0.42429858446121216,1.156638503074646,0.0
1659366848115252733,0.4181734025478363,1.1566309928894043,0.0
1659366848163058996,0.4135668873786926,1.1566485166549683,0.0
1659366848196285247,0.4071381986141205,1.1567022800445557,0.0
1659366848252304077,0.4025575816631317,1.1567778587341309,0.0
1659366848304137468,0.396485298871994,1.1569443941116333,0.0
1659366848349780082,0.39205893874168396,1.1571080684661865,0.0
1659366848393638849,0.38508176803588867,1.1574538946151733,0.0
1659366848437785148,0.38088884949684143,1.1577235460281372,0.0
1659366848481825828,0.3731936514377594,1.1583387851715088,0.0
1659366848529332160,0.36910951137542725,1.1587028503417969,0.0
1659366848574274778,0.3639981150627136,1.1592258214950562,0.0
1659366848623337984,0.36017945408821106,1.1596938371658325,0.0
1659366848670112371,0.3537392318248749,1.1606085300445557,0.0
1659366848714904785,0.3495127558708191,1.1612673997879028,0.0
1659366848758816480,0.34181541204452515,1.1625016927719116,0.0
1659366848802753210,0.33736711740493774,1.1632161140441895,0.0
1659366848846176862,0.33069223165512085,1.1642725467681885,0.0
1659366848890379190,0.3264976441860199,1.16497004032135,0.0
1659366848935815334,0.32047364115715027,1.166078805923462,0.0
1659366848977819204,0.3161779046058655,1.166927456855774,0.0
1659366849021736145,0.3101755976676941,1.1681482791900635,0.0
1659366849065911293,0.30573925375938416,1.1690677404403687,0.0
1659366849110173702,0.29999276995658875,1.1702756881713867,0.0
1659366849153753280,0.2959620952606201,1.1711558103561401,0.0
1659366849197762966,0.2871783375740051,1.173164963722229,0.0
1659366849245038747,0.2821001410484314,1.174347162246704,0.0
1659366849289864301,0.2750615179538727,1.1760379076004028,0.0
1659366849339995145,0.2698359787464142,1.1773639917373657,0.0
1659366849385756492,0.260723739862442,1.1798332929611206,0.0
1659366849429867267,0.25537246465682983,1.181372880935669,0.0
1659366849473950386,0.24556864798069,1.1843669414520264,0.0
1659366849518508911,0.23967088758945465,1.186282753944397,0.0
1659366849561534404,0.2314537763595581,1.1890842914581299,0.0
1659366849605729341,0.22526869177818298,1.1912566423416138,0.0
1659366849652061700,0.2163417637348175,1.1944060325622559,0.0
1659366849698282718,0.21018068492412567,1.1965702772140503,0.0
1659366849741950988,0.20094436407089233,1.1998317241668701,0.0
1659366849789764881,0.1955115646123886,1.2017778158187866,0.0
1659366849833800077,0.186801940202713,1.204933524131775,0.0
1659366849882323503,0.1824982911348343,1.206503987312317,0.0
1659366849926487922,0.17637751996517181,1.208706021308899,0.0
1659366849970085382,0.17224523425102234,1.210154414176941,0.0
1659366850017761707,0.1665509194135666,1.2121198177337646,0.0
1659366850062704324,0.16226407885551453,1.2135859727859497,0.0
1659366850113822460,0.153930202126503,1.2164372205734253,0.0
1659366850158752441,0.14957262575626373,1.2179311513900757,0.0
1659366850158866405,0.1437063068151474,1.2199411392211914,0.0
1659366850213003158,0.13927426934242249,1.221451997756958,0.0
1659366850242197751,0.13255324959754944,1.223699927330017,0.0
1659366850297402143,0.12847168743610382,1.2250618934631348,0.0
1659366850351963996,0.12127629667520523,1.2274874448776245,0.0
1659366850407523870,0.11745498329401016,1.2287497520446777,0.0
1659366850450069904,0.1116342768073082,1.2305740118026733,0.0
1659366850497771263,0.10800042003393173,1.2316737174987793,0.0
1659366850546968221,0.10195795446634293,1.2334649562835693,0.0
1659366850626101970,0.09758099168539047,1.234729290008545,0.0
1659366850626225948,0.08932586014270782,1.2370691299438477,0.0
1659366850678502559,0.08584513515233994,1.238061547279358,0.0
1659366850701581716,0.08458387106657028,1.2384376525878906,0.0
1659366850757360219,0.0848991647362709,1.2383434772491455,0.0
1659366850801920652,0.08409542590379715,1.2385706901550293,0.0
1659366850846593618,0.08228693157434464,1.239058017730713,0.0
1659366850892338037,0.07659608870744705,1.2405056953430176,0.0
1659366850951218366,0.07307818531990051,1.2413569688796997,0.0
1659366850993969440,0.06718245148658752,1.2427111864089966,0.0
1659366851042054653,0.06304863095283508,1.2435933351516724,0.0
1659366851085858106,0.056265395134687424,1.2449098825454712,0.0
1659366851133984327,0.052178818732500076,1.245638132095337,0.0
1659366851178028106,0.04464513063430786,1.2469310760498047,0.0
1659366851225787401,0.04044554755091667,1.2475979328155518,0.0
1659366851270318508,0.034287527203559875,1.2485183477401733,0.0
1659366851317493915,0.030104154720902443,1.2491233348846436,0.0
1659366851361552715,0.02485521323978901,1.2497806549072266,0.0
1659366851407206058,0.020399244502186775,1.2502440214157104,0.0
1659366851449924945,0.013695298694074154,1.2508649826049805,0.0
1659366851497762918,0.00908257532864809,1.2512855529785156,0.0
1659366851541849613,-0.001173112541437149,1.2522554397583008,0.0
1659366851591723918,-0.005785295274108648,1.252681851387024,0.0
1659366851637764692,-0.014157851226627827,1.2533981800079346,0.0
1659366851685999631,-0.018194738775491714,1.2537201642990112,0.0
1659366851729652404,-0.02571984939277172,1.2542332410812378,0.0
1659366851782668590,-0.02892938442528248,1.2544111013412476,0.0
1659366851839561939,-0.030345022678375244,1.2544816732406616,0.0
1659366851882809877,-0.02963690087199211,1.2544530630111694,0.0
1659366851925844430,-0.025057250633835793,1.2543325424194336,0.0
1659366851970655679,-0.022020215168595314,1.2542937994003296,0.0
1659366852014176845,-0.016755593940615654,1.2542972564697266,0.0
1659366852060233116,-0.012858176603913307,1.2543550729751587,0.0
1659366852108841896,-0.0068878126330673695,1.2545430660247803,0.0
1659366852154660701,-0.0020088471937924623,1.2547850608825684,0.0
1659366852198297262,0.0052118762396276,1.255297064781189,0.0
1659366852242259025,0.010680720210075378,1.2558053731918335,0.0
1659366852286239385,0.018427366390824318,1.2566784620285034,0.0
1659366852334314823,0.0232197605073452,1.2573139667510986,0.0
1659366852378102540,0.03224043548107147,1.2587683200836182,0.0
1659366852422489404,0.03738851100206375,1.2597417831420898,0.0
1659366852470086097,0.045339521020650864,1.2614128589630127,0.0
1659366852514854431,0.05096329748630524,1.2627073526382446,0.0
1659366852558197259,0.05880335718393326,1.2646373510360718,0.0
1659366852606598615,0.06468422710895538,1.2661590576171875,0.0
1659366852606683492,0.07311379909515381,1.2684379816055298,0.0
1659366852656874179,0.0789315477013588,1.2700954675674438,0.0
1659366852690457344,0.08760606497526169,1.272714376449585,0.0
1659366852747285842,0.09348766505718231,1.2745977640151978,0.0
1659366852790288448,0.10075768828392029,1.2770395278930664,0.0
1659366852834180831,0.1064915657043457,1.2790452241897583,0.0
1659366852878193378,0.11634065210819244,1.282696008682251,0.0
1659366852929371833,0.12197261303663254,1.284903883934021,0.0
1659366852978098154,0.12984123826026917,1.288130283355713,0.0
1659366853024710655,0.1353548765182495,1.2904932498931885,0.0
1659366853074149131,0.14548815786838531,1.2949897050857544,0.0
1659366853127482175,0.15123821794986725,1.297631025314331,0.0
1659366853170269966,0.15643452107906342,1.3000824451446533,0.0
1659366853170384645,0.16290715336799622,1.3032090663909912,0.0
1659366853215620279,0.1682865470647812,1.305863380432129,0.0
1659366853235294103,0.17763321101665497,1.3105443716049194,0.0
1659366853289626836,0.18333947658538818,1.3134503364562988,0.0
1659366853340063571,0.19142527878284454,1.3176510334014893,0.0
1659366853382256984,0.1971287578344345,1.3206721544265747,0.0
1659366853427030563,0.2026950567960739,1.3236814737319946,0.0
1659366853470569372,0.20796698331832886,1.3265960216522217,0.0
1659366853518859863,0.2135210782289505,1.329732060432434,0.0
1659366853562988042,0.22189001739025116,1.3346242904663086,0.0
1659366853610923051,0.22713027894496918,1.337795615196228,0.0
1659366853611173868,0.23500098288059235,1.3426811695098877,0.0
1659366853658523082,0.2403155416250229,1.3460687398910522,0.0
1659366853691457509,0.2501594126224518,1.3526118993759155,0.0
1659366853748299837,0.2550448179244995,1.3560047149658203,0.0
1659366853793164014,0.2597109377384186,1.3593134880065918,0.0
1659366853838081598,0.26528164744377136,1.363358736038208,0.0
1659366853886125087,0.2700863182544708,1.366950273513794,0.0
1659366853930272102,0.27833905816078186,1.3733248710632324,0.0
1659366853978798627,0.2832466661930084,1.3772385120391846,0.0
1659366853978917837,0.29060640931129456,1.3832321166992188,0.0
1659366854033907413,0.29567477107048035,1.3874294757843018,0.0
1659366854079267978,0.304000586271286,1.39447820186615,0.0
1659366854134906053,0.3088986277580261,1.398720145225525,0.0
1659366854178301811,0.31532177329063416,1.404370903968811,0.0
1659366854226076126,0.320159375667572,1.4086816310882568,0.0
1659366854270538330,0.3281881809234619,1.4159919023513794,0.0
1659366854314313173,0.33294251561164856,1.42043137550354,0.0
1659366854361162424,0.34163832664489746,1.4286231994628906,0.0
1659366854410204410,0.346376895904541,1.4331164360046387,0.0
1659366854456177234,0.35317426919937134,1.4396682977676392,0.0
1659366854502230644,0.35784903168678284,1.4442640542984009,0.0
1659366854546454429,0.3664097189903259,1.45284903049469,0.0
1659366854594164848,0.37096405029296875,1.457493543624878,0.0
1659366854638263702,0.37736180424690247,1.464123010635376,0.0
1659366854681888818,0.3817676901817322,1.4687700271606445,0.0
1659366854732213020,0.3885160982608795,1.4760777950286865,0.0
1659366854774059534,0.39283132553100586,1.48087739944458,0.0
1659366854822433471,0.40041399002075195,1.4895451068878174,0.0
1659366854868204355,0.40448713302612305,1.4943212270736694,0.0
1659366854914383411,0.41059479117393494,1.5016525983810425,0.0
1659366854958574771,0.414644330739975,1.5066457986831665,0.0
1659366855002676010,0.42006802558898926,1.5134570598602295,0.0
1659366855051802873,0.42400553822517395,1.5184749364852905,0.0
1659366855096163272,0.43008556962013245,1.5263475179672241,0.0
1659366855142440795,0.43401020765304565,1.531535029411316,0.0
1659366855186402320,0.44150635600090027,1.5416369438171387,0.0
1659366855232407331,0.4453686475753784,1.5469024181365967,0.0
1659366855279859304,0.450987309217453,1.5546149015426636,0.0
1659366855322438240,0.45490550994873047,1.5600275993347168,0.0
1659366855370440244,0.4606664776802063,1.5681365728378296,0.0
1659366855414262771,0.46438923478126526,1.573501706123352,0.0
1659366855462338924,0.47138485312461853,1.5838038921356201,0.0
1659366855506164312,0.4750484228134155,1.5893313884735107,0.0
1659366855550509214,0.4803640842437744,1.597558856010437,0.0
1659366855598369121,0.4839460253715515,1.6032296419143677,0.0
1659366855642413616,0.49056974053382874,1.6138643026351929,0.0
1659366855687896013,0.4940751791000366,1.6195529699325562,0.0
1659366855734345197,0.49718374013900757,1.624653697013855,0.0
1659366855778222560,0.5011049509048462,1.6311856508255005,0.0
1659366855823085784,0.5040165781974792,1.6361093521118164,0.0
1659366855823207855,0.5091461539268494,1.645042896270752,0.0
1659366855871452569,0.5119532942771912,1.650142788887024,0.0
1659366855917074680,0.5171831846237183,1.6601182222366333,0.0
1659366855974630832,0.5199750661849976,1.665655255317688,0.0
1659366856022830247,0.5239896178245544,1.673835039138794,0.0
1659366856066345214,0.5267819762229919,1.6796820163726807,0.0
1659366856110508918,0.531024694442749,1.688846468925476,0.0
1659366856154018878,0.5336977243423462,1.6948044300079346,0.0
1659366856204940795,0.5374563336372375,1.70332670211792,0.0
1659366856254901170,0.5401408076286316,1.7094733715057373,0.0
1659366856306521654,0.5434098243713379,1.717049479484558,0.0
1659366856350116014,0.5460433959960938,1.723245620727539,0.0
1659366856350238323,0.5499615669250488,1.732690691947937,0.0
1659366856398101568,0.5524304509162903,1.73879075050354,0.0
1659366856438584566,0.5569741129875183,1.7503306865692139,0.0
1659366856492107152,0.5593814849853516,1.7566723823547363,0.0
1659366856543041944,0.5614893436431885,1.7623425722122192,0.0
1659366856590455293,0.5641099214553833,1.7694692611694336,0.0
1659366856634244203,0.5663558840751648,1.7756279706954956,0.0
1659366856678605079,0.5700466632843018,1.7858397960662842,0.0
1659366856722625970,0.5723031759262085,1.7921830415725708,0.0
1659366856770331144,0.5755898952484131,1.8016786575317383,0.0
1659366856820183277,0.5777066946029663,1.8079631328582764,0.0
1659366856820257186,0.5805349349975586,1.8165184259414673,0.0
1659366856872009515,0.5826104283332825,1.8228965997695923,0.0
1659366856893641948,0.5858905911445618,1.8332741260528564,0.0
1659366856950258493,0.5878446698188782,1.8396904468536377,0.0
1659366856995198965,0.5913761258125305,1.8515793085098267,0.0
1659366857054072618,0.593278706073761,1.8580902814865112,0.0
1659366857098785877,0.5961284637451172,1.868147611618042,0.0
1659366857143163442,0.5979005098342896,1.874669075012207,0.0
1659366857186336994,0.5996435284614563,1.8812246322631836,0.0
1659366857234475851,0.6013035178184509,1.8875141143798828,0.0
1659366857277959108,0.6030313372612,1.8941259384155273,0.0
1659366857327106237,0.6052966713905334,1.9029778242111206,0.0
1659366857370410442,0.6069239974021912,1.909510850906372,0.0
1659366857370587110,0.609350323677063,1.9194443225860596,0.0
1659366857415283203,0.6109376549720764,1.926039218902588,0.0
1659366857444684267,0.613287627696991,1.9361469745635986,0.0
1659366857499614238,0.6148056387901306,1.9429398775100708,0.0
1659366857546597719,0.6174955368041992,1.9551506042480469,0.0
1659366857610356569,0.6189635396003723,1.9618250131607056,0.0
1659366857658473730,0.6210314631462097,1.971347689628601,0.0
1659366857702276468,0.6224732398986816,1.9781054258346558,0.0
1659366857746786832,0.6244732141494751,1.98787522315979,0.0
1659366857790213108,0.6257804036140442,1.9945571422576904,0.0
1659366857835003852,0.6276386976242065,2.004354953765869,0.0
1659366857882299900,0.6288850903511047,2.0111770629882812,0.0
1659366857927084684,0.6310710310935974,2.023359537124634,0.0
1659366857970153570,0.6322886347770691,2.030212640762329,0.0
1659366858014366626,0.6340183615684509,2.0401365756988525,0.0
1659366858058012247,0.6351968050003052,2.046996593475342,0.0
1659366858106348276,0.6368396282196045,2.0565760135650635,0.0
1659366858152370691,0.6380168199539185,2.0635387897491455,0.0
1659366858152488946,0.6397196650505066,2.0740575790405273,0.0
1659366858204816341,0.6408018469810486,2.081010341644287,0.0
1659366858256329774,0.6427505612373352,2.0940780639648438,0.0
1659366858312078237,0.6437185406684875,2.100945234298706,0.0
1659366858358220577,0.6449494957923889,2.110229015350342,0.0
1659366858402367115,0.6457929611206055,2.1170105934143066,0.0
1659366858446026086,0.6471311450004578,2.1279900074005127,0.0
1659366858490403175,0.6479717493057251,2.1348485946655273,0.0
1659366858534003257,0.6494395732879639,2.147240161895752,0.0
1659366858579758405,0.6502083539962769,2.154158115386963,0.0
1659366858621675014,0.6512689590454102,2.1640231609344482,0.0
1659366858665816545,0.6520055532455444,2.171046257019043,0.0
1659366858709669351,0.6530771851539612,2.181342601776123,0.0
1659366858759338140,0.653815507888794,2.18831467628479,0.0
1659366858802240848,0.6551554799079895,2.2015349864959717,0.0
1659366858846369028,0.6557935476303101,2.208364486694336,0.0
1659366858894427061,0.6566559076309204,2.2179439067840576,0.0
1659366858938750505,0.6572899222373962,2.22495174407959,0.0
1659366858982118606,0.6581954956054688,2.2348830699920654,0.0
1659366859030330657,0.6588534116744995,2.242142915725708,0.0
1659366859074483156,0.6597891449928284,2.25270676612854,0.0
1659366859122543096,0.6603730320930481,2.2595157623291016,0.0
1659366859166142940,0.6614491939544678,2.272582530975342,0.0
1659366859210272550,0.6619964241981506,2.27949595451355,0.0
1659366859254454851,0.6627687215805054,2.289870023727417,0.0
1659366859298410415,0.6632528901100159,2.296915054321289,0.0
1659366859343015670,0.6639214158058167,2.3070425987243652,0.0
1659366859386105775,0.6643695831298828,2.314115285873413,0.0
1659366859434217691,0.664970874786377,2.324145555496216,0.0
1659366859481859922,0.6653800010681152,2.3312461376190186,0.0
1659366859525940895,0.6661285758018494,2.3444371223449707,0.0
1659366859570830106,0.6665189862251282,2.3513612747192383,0.0
1659366859614155769,0.6670478582382202,2.361243724822998,0.0
1659366859658207654,0.667397677898407,2.368474006652832,0.0
1659366859706300020,0.667866051197052,2.3786380290985107,0.0
1659366859750665426,0.6681950688362122,2.385793447494507,0.0
1659366859750771999,0.6686933040618896,2.3967669010162354,0.0
1659366859804103136,0.6690047979354858,2.4038469791412354,0.0
1659366859837776422,0.6694315075874329,2.4142916202545166,0.0
1659366859892283678,0.6696969270706177,2.421449661254883,0.0
1659366859938393115,0.6700119972229004,2.430201530456543,0.0
1659366859982375144,0.67027348279953,2.437385082244873,0.0
1659366860026394128,0.6706796288490295,2.4484636783599854,0.0
1659366860069937229,0.6709328293800354,2.455444812774658,0.0
1659366860118679761,0.6712457537651062,2.4655137062072754,0.0
1659366860166116952,0.6714229583740234,2.4726743698120117,0.0
1659366860210502386,0.6716672778129578,2.4826438426971436,0.0
1659366860254454374,0.6718533039093018,2.489652395248413,0.0
1659366860301193952,0.6721522212028503,2.50270938873291,0.0
1659366860349723577,0.6722738742828369,2.509744644165039,0.0
1659366860394412517,0.6724970936775208,2.5225751399993896,0.0
1659366860438168287,0.6726377010345459,2.5295088291168213,0.0
1659366860482397079,0.6728380918502808,2.5391247272491455,0.0
1659366860530291557,0.6729773879051208,2.5460331439971924,0.0
1659366860574339628,0.6731577515602112,2.556586265563965,0.0
1659366860618231296,0.6732531189918518,2.5640017986297607,0.0
1659366860666416645,0.6733739972114563,2.5748088359832764,0.0
1659366860712786674,0.6734505891799927,2.581794261932373,0.0
1659366860712919473,0.6735281348228455,2.5912601947784424,0.0
1659366860763588190,0.6735550761222839,2.598170042037964,0.0
1659366860791709184,0.673525333404541,2.6091041564941406,0.0
1659366860849981069,0.6734538674354553,2.616013526916504,0.0
1659366860896329879,0.6732881665229797,2.6285665035247803,0.0
1659366860945599794,0.6731969714164734,2.635526418685913,0.0
1659366860998114824,0.6730448007583618,2.6455483436584473,0.0
1659366861042092323,0.672901451587677,2.652608633041382,0.0
1659366861086011171,0.672632098197937,2.6656408309936523,0.0
1659366861132270097,0.6725112199783325,2.67272686958313,0.0
1659366861178349971,0.6723412871360779,2.682647228240967,0.0
1659366861227243185,0.6721991896629333,2.689732789993286,0.0
1659366861270414113,0.6719697713851929,2.7003355026245117,0.0
1659366861314136028,0.6718075275421143,2.7074458599090576,0.0
1659366861358214855,0.671590268611908,2.7169854640960693,0.0
1659366861406811237,0.6714465618133545,2.7239696979522705,0.0
1659366861450250864,0.6712576150894165,2.7342441082000732,0.0
1659366861499521732,0.6711272597312927,2.7413299083709717,0.0
1659366861499598503,0.6709022521972656,2.7512998580932617,0.0
1659366861553090572,0.6707045435905457,2.75846004486084,0.0
1659366861597317934,0.6705201864242554,2.764936923980713,0.0
1659366861663560390,0.6702660322189331,2.7736401557922363,0.0
1659366861710754632,0.6700408458709717,2.7807741165161133,0.0
1659366861710892438,0.6696928143501282,2.7906391620635986,0.0
1659366861758403539,0.6694153547286987,2.7977967262268066,0.0
1659366861787194728,0.668991208076477,2.8095078468322754,0.0
1659366861837729215,0.6687652468681335,2.816540479660034,0.0
1659366861882523298,0.6684209704399109,2.826709508895874,0.0
1659366861930699586,0.6681483387947083,2.8338165283203125,0.0
1659366861974408626,0.6676955819129944,2.8464131355285645,0.0
1659366862023222446,0.667486310005188,2.8534717559814453,0.0
1659366862070226907,0.6672438383102417,2.86296010017395,0.0
1659366862114405870,0.6670737862586975,2.869969129562378,0.0
1659366862162111520,0.6667587161064148,2.8809494972229004,0.0
1659366862210576295,0.6665198802947998,2.888108491897583,0.0
1659366862254278421,0.6661920547485352,2.8974170684814453,0.0
1659366862307379722,0.6659425497055054,2.9044997692108154,0.0
1659366862307743310,0.6655698418617249,2.91489577293396,0.0
1659366862358144521,0.6652960777282715,2.9220027923583984,0.0
1659366862402206659,0.6647783517837524,2.9350781440734863,0.0
1659366862457696676,0.6645047664642334,2.942033290863037,0.0
1659366862502470970,0.6641502380371094,2.9512901306152344,0.0
1659366862548038482,0.6639039516448975,2.9580435752868652,0.0
1659366862594686269,0.6634342670440674,2.970487594604492,0.0
1659366862640364170,0.6631356477737427,2.9776949882507324,0.0
1659366862682829856,0.6628732085227966,2.9840426445007324,0.0
1659366862727422714,0.6625298261642456,2.992666721343994,0.0
1659366862770262002,0.6622399687767029,2.999722480773926,0.0
1659366862814161777,0.6617752313613892,3.00981068611145,0.0
1659366862865169525,0.661385715007782,3.0171151161193848,0.0
1659366862865305423,0.660792350769043,3.027881145477295,0.0
1659366862913331508,0.6604245901107788,3.0348317623138428,0.0
1659366862963839054,0.659713625907898,3.047619104385376,0.0
1659366863016305923,0.6592891812324524,3.054769515991211,0.0
1659366863060387372,0.6586951613426208,3.064419984817505,0.0
1659366863104609966,0.6582499146461487,3.0715184211730957,0.0
1659366863150099515,0.6575875878334045,3.0820775032043457,0.0
1659366863193835496,0.6571549773216248,3.0889737606048584,0.0
1659366863237889051,0.6563711762428284,3.101731538772583,0.0
1659366863282547950,0.6559487581253052,3.1087806224823,0.0
1659366863327164649,0.6553612351417542,3.118913173675537,0.0
1659366863373993396,0.654970109462738,3.125811815261841,0.0
1659366863418223142,0.6544216871261597,3.135338068008423,0.0
1659366863461805105,0.6540449261665344,3.1417813301086426,0.0
1659366863505953550,0.6534684896469116,3.151787757873535,0.0
1659366863555022001,0.653093695640564,3.1583831310272217,0.0
1659366863597920179,0.6522755026817322,3.1729137897491455,0.0
1659366863645698070,0.6518993377685547,3.1796865463256836,0.0
1659366863693861484,0.6513614654541016,3.1896443367004395,0.0
1659366863741896152,0.6510137915611267,3.1962413787841797,0.0
1659366863785785198,0.6504983901977539,3.2063779830932617,0.0
1659366863833887815,0.6501734256744385,3.2130520343780518,0.0
1659366863884755611,0.6495728492736816,3.225515842437744,0.0
1659366863930107116,0.6492705345153809,3.231811046600342,0.0
1659366863973733186,0.6486465334892273,3.245971202850342,0.0
1659366864022134780,0.648398756980896,3.2523446083068848,0.0
1659366864067542552,0.6481221318244934,3.2595274448394775,0.0
1659366864067671775,0.6477792859077454,3.2687594890594482,0.0
1659366864115351438,0.6475396752357483,3.275918483734131,0.0
1659366864144729137,0.6471814513206482,3.2871506214141846,0.0
1659366864194815158,0.6469757556915283,3.293576240539551,0.0
1659366864237743854,0.6466695070266724,3.303771734237671,0.0
1659366864282477617,0.6464950442314148,3.3101730346679688,0.0
1659366864325906753,0.6462849378585815,3.319307804107666,0.0
1659366864377450227,0.6461610794067383,3.3263936042785645,0.0
1659366864421683311,0.6459755897521973,3.3366174697875977,0.0
1659366864469818830,0.6458325982093811,3.343601703643799,0.0
1659366864517604827,0.6456254124641418,3.3566603660583496,0.0
1659366864563323736,0.6455569267272949,3.3636205196380615,0.0
1659366864609933614,0.645491361618042,3.3741748332977295,0.0
1659366864653746843,0.6454632878303528,3.381211042404175,0.0
1659366864699712753,0.6454041004180908,3.3955113887786865,0.0
1659366864745850801,0.6453734636306763,3.40264892578125,0.0
1659366864789798259,0.6453314423561096,3.412494659423828,0.0
1659366864838079214,0.6453016996383667,3.4196321964263916,0.0
1659366864881690979,0.6452230215072632,3.4334263801574707,0.0
1659366864929546833,0.6451742053031921,3.4404120445251465,0.0
1659366864973764181,0.6451146602630615,3.4507133960723877,0.0
1659366865017594337,0.6450858116149902,3.4579269886016846,0.0
1659366865062473773,0.6450342535972595,3.468430757522583,0.0
1659366865112962245,0.6449781060218811,3.475517511367798,0.0
1659366865165881395,0.6448822021484375,3.4893367290496826,0.0
1659366865211617231,0.6448584198951721,3.4964237213134766,0.0
1659366865254528284,0.644827663898468,3.5062947273254395,0.0
1659366865298179626,0.6447912454605103,3.5133817195892334,0.0
1659366865347161054,0.6447563171386719,3.5200889110565186,0.0
1659366865347283124,0.6447204351425171,3.527833938598633,0.0
1659366865390348196,0.6446945667266846,3.534794330596924,0.0
1659366865422458887,0.6446241736412048,3.5467913150787354,0.0
1659366865477317810,0.6445534825325012,3.55387806892395,0.0
1659366865526293754,0.6444527506828308,3.564305543899536,0.0
1659366865570068120,0.6443973779678345,3.5713417530059814,0.0
1659366865614529132,0.6442948579788208,3.581136465072632,0.0
1659366865662204265,0.6441981792449951,3.5882227420806885,0.0
1659366865710849761,0.6439918875694275,3.601686477661133,0.0
1659366865754240274,0.6438761949539185,3.6088738441467285,0.0
1659366865798801898,0.6436862945556641,3.6218061447143555,0.0
1659366865845553159,0.6435865163803101,3.6290442943573,0.0
1659366865894595384,0.6434293389320374,3.639395236968994,0.0
1659366865942570686,0.6432961821556091,3.6465063095092773,0.0
1659366865986270666,0.6430386304855347,3.6579692363739014,0.0
1659366866031185150,0.6428602337837219,3.665231227874756,0.0
1659366866074321508,0.6426138281822205,3.674542188644409,0.0
1659366866117925882,0.6424164175987244,3.681626319885254,0.0
1659366866168645381,0.642117440700531,3.69197416305542,0.0
1659366866229094505,0.6419064402580261,3.6989314556121826,0.0
1659366866229214906,0.6415800452232361,3.7091012001037598,0.0
1659366866278499603,0.6413264870643616,3.716411590576172,0.0
1659366866289625167,0.6409911513328552,3.72574520111084,0.0
1659366866345721483,0.6407327055931091,3.73292875289917,0.0
1659366866390003204,0.6403785347938538,3.742945432662964,0.0
1659366866439856052,0.6401282548904419,3.749876022338867,0.0
1659366866485571861,0.6398575901985168,3.756932497024536,0.0
1659366866530567884,0.6395978331565857,3.7634575366973877,0.0
1659366866573975324,0.6393064856529236,3.7705132961273193,0.0
1659366866622487545,0.6388821005821228,3.7809579372406006,0.0
1659366866667322874,0.6386216878890991,3.7879135608673096,0.0
1659366866667604923,0.638197124004364,3.798940896987915,0.0
1659366866710504770,0.637894868850708,3.8061227798461914,0.0
1659366866739762783,0.6374468803405762,3.8167691230773926,0.0
1659366866795195102,0.6371582746505737,3.823875665664673,0.0
1659366866843535423,0.6368610858917236,3.8310325145721436,0.0
1659366866886234998,0.6365586519241333,3.8376822471618652,0.0
1659366866930261135,0.6362114548683167,3.8446593284606934,0.0
1659366866978345394,0.6356152296066284,3.8552730083465576,0.0
1659366867023873090,0.635178804397583,3.8624227046966553,0.0
1659366867024442672,0.6344347596168518,3.874650478363037,0.0
1659366867071399688,0.6340445876121521,3.881042242050171,0.0
1659366867125308752,0.6332054734230042,3.894988536834717,0.0
1659366867176574945,0.6328330636024475,3.901381254196167,0.0
1659366867222781658,0.632261335849762,3.911362648010254,0.0
1659366867270469427,0.6319152116775513,3.9175033569335938,0.0
1659366867315313577,0.6312388777732849,3.929760456085205,0.0
1659366867361896514,0.6309017539024353,3.9360032081604004,0.0
1659366867406451702,0.6304184794425964,3.945558547973633,0.0
1659366867454414844,0.6301647424697876,3.9511210918426514,0.0
1659366867498339891,0.6297696828842163,3.96146559715271,0.0
1659366867546380519,0.6296042203903198,3.9667277336120605,0.0
1659366867590261220,0.6293836832046509,3.9755077362060547,0.0
1659366867634156465,0.6292682886123657,3.9814040660858154,0.0
1659366867678286314,0.629115104675293,3.991856336593628,0.0
1659366867722147703,0.6290683746337891,3.9982597827911377,0.0
1659366867768109560,0.6290658712387085,4.007599353790283,0.0
1659366867810606002,0.6291022896766663,4.013977527618408,0.0
1659366867854421615,0.6291781663894653,4.023899078369141,0.0
1659366867898088693,0.6292224526405334,4.030555725097656,0.0
1659366867942252397,0.6292681694030762,4.042097091674805,0.0
1659366867986408710,0.629282534122467,4.0486273765563965,0.0
1659366867986514091,0.6293643712997437,4.059004306793213,0.0
1659366868034710645,0.6294658184051514,4.065584182739258,0.0
1659366868085843801,0.629603385925293,4.079884052276611,0.0
1659366868143406152,0.6296043395996094,4.086743354797363,0.0
1659366868190757036,0.629599928855896,4.093552112579346,0.0
1659366868234232664,0.6296051740646362,4.101955413818359,0.0
1659366868279275417,0.6295916438102722,4.1090168952941895,0.0
1659366868322551250,0.6294974684715271,4.1202545166015625,0.0
1659366868374814271,0.6294166445732117,4.12723970413208,0.0
1659366868418257474,0.62931227684021,4.137363433837891,0.0
1659366868462350845,0.62925124168396,4.144020080566406,0.0
1659366868506251811,0.6291450262069702,4.1567254066467285,0.0
1659366868550588607,0.6290906071662903,4.1636857986450195,0.0
1659366868596643209,0.6290448307991028,4.1727213859558105,0.0
1659366868642349481,0.6290358901023865,4.17912483215332,0.0
1659366868732402801,0.6290398240089417,4.192944526672363,0.0
1659366868732517957,0.629059374332428,4.199322700500488,0.0
1659366868782413482,0.6291777491569519,4.212230682373047,0.0
1659366868814282417,0.6292659640312195,4.218430995941162,0.0
1659366868865498304,0.6295090913772583,4.230704307556152,0.0
1659366868915457010,0.6296767592430115,4.237131118774414,0.0
1659366868962745666,0.6299868822097778,4.24702262878418,0.0
1659366869006213903,0.6302260756492615,4.253421783447266,0.0
1659366869050428628,0.6307045817375183,4.265384197235107,0.0
1659366869094478607,0.6309534907341003,4.271554946899414,0.0
1659366869138400793,0.6313735246658325,4.281087875366211,0.0
1659366869182659864,0.6316784024238586,4.287306785583496,0.0
1659366869226099014,0.6324557662010193,4.300267696380615,0.0
1659366869271241903,0.6328715682029724,4.306023597717285,0.0
1659366869316929340,0.6335496306419373,4.314627647399902,0.0
1659366869362365961,0.6340073943138123,4.3199992179870605,0.0
1659366869409031391,0.634709894657135,4.327432632446289,0.0
1659366869454349040,0.6351895332336426,4.332014083862305,0.0
1659366869497993469,0.635550856590271,4.335258960723877,0.0
1659366869546587944,0.6358177661895752,4.337521076202393,0.0
1659366869594382762,0.6359474658966064,4.338576316833496,0.0
1659366869594506025,0.6360229253768921,4.339179039001465,0.0
1659366869644243955,0.6360387802124023,4.339304447174072,0.0
1659366869672158479,0.6360419392585754,4.339329719543457,0.0
1659366869725409507,0.6360419392585754,4.339329719543457,0.0
1659366869780378818,0.6360450983047485,4.339354991912842,0.0
1659366869830775737,0.6360450983047485,4.339354991912842,0.0
1659366869877901315,0.6360450983047485,4.339354991912842,0.0
1659366869929561376,0.6360450983047485,4.339354991912842,0.0
1659366869979326963,0.6360450983047485,4.339354991912842,0.0
1659366870028993368,0.6360450983047485,4.339354991912842,0.0
1659366870078328371,0.6360450983047485,4.339354991912842,0.0
1659366870138181447,0.6360135674476624,4.339103698730469,0.0
1659366870188802003,0.6353845000267029,4.3340044021606445,0.0
1659366870242651224,0.6349035501480103,4.329983234405518,0.0
1659366870292688608,0.6337497234344482,4.320103168487549,0.0
1659366870344452857,0.6331734657287598,4.315227031707764,0.0
1659366870400533199,0.6320498585700989,4.305445671081543,0.0
1659366870454387426,0.6315541863441467,4.3007893562316895,0.0
1659366870502447605,0.6307992935180664,4.293157577514648,0.0
1659366870546314239,0.6303752660751343,4.288519859313965,0.0
1659366870590212345,0.6296703219413757,4.279409885406494,0.0
1659366870634178638,0.62935870885849,4.274636268615723,0.0
1659366870682481288,0.6289048194885254,4.267158031463623,0.0
1659366870726022720,0.6286497116088867,4.26230525970459,0.0
1659366870770621776,0.6282483339309692,4.252948760986328,0.0
1659366870814238786,0.6280768513679504,4.248218536376953,0.0
1659366870858344078,0.6279128193855286,4.243412494659424,0.0
1659366870902410745,0.6276862621307373,4.237139701843262,0.0
1659366870946485042,0.6275416016578674,4.233168601989746,0.0
1659366870990243911,0.6273207068443298,4.224844455718994,0.0
1659366871038448810,0.6272283792495728,4.220263957977295,0.0
1659366871038527250,0.6269590258598328,4.211966514587402,0.0
1659366871082787513,0.626748263835907,4.206858158111572,0.0
1659366871121409654,0.6264238953590393,4.197600364685059,0.0
1659366871175018787,0.6262818574905396,4.19289493560791,0.0
1659366871225038528,0.6260402798652649,4.183938026428223,0.0
1659366871275024175,0.625944972038269,4.179712295532227,0.0
1659366871318481922,0.6258220076560974,4.173563003540039,0.0
1659366871362092494,0.6257521510124207,4.169412612915039,0.0
1659366871410947561,0.6257176995277405,4.162148475646973,0.0
1659366871466544866,0.6257435083389282,4.158048152923584,0.0
1659366871514267683,0.6258261203765869,4.151543617248535,0.0
1659366871560074329,0.6259039640426636,4.147292137145996,0.0
1659366871602389812,0.6260455846786499,4.1404595375061035,0.0
1659366871646275043,0.6261382102966309,4.1364359855651855,0.0
1659366871781110763,0.6264721751213074,4.126950263977051,0.0
1659366871781249761,0.6266670227050781,4.12310791015625,0.0
1659366871785485267,0.6268912553787231,4.119165897369385,0.0
1659366871794756889,0.6271905899047852,4.11423921585083,0.0
1659366871846621751,0.6274283528327942,4.110703468322754,0.0
1659366871890294313,0.6279004216194153,4.1045966148376465,0.0
1659366871934249639,0.6281909346580505,4.101293563842773,0.0
1659366871979612350,0.6283134818077087,4.1000847816467285,0.0
1659366872022224187,0.6281617283821106,4.101443290710449,0.0
1659366872066411972,0.6277092099189758,4.105238437652588,0.0
1659366872115675687,0.6273390650749207,4.1081767082214355,0.0
1659366872158150911,0.6266143321990967,4.113570213317871,0.0
1659366872202322721,0.6260489225387573,4.11737585067749,0.0
1659366872246270418,0.6247709393501282,4.124912261962891,0.0
1659366872290564060,0.6240531206130981,4.128666400909424,0.0
1659366872338412284,0.6258229613304138,4.120477676391602,0.0
1659366872389437437,0.6246896982192993,4.1252031326293945,0.0
1659366872435107946,0.6227552890777588,4.132754802703857,0.0
1659366872482134342,0.6214120388031006,4.137688159942627,0.0
1659366872526841163,0.6190391778945923,4.1458282470703125,0.0
1659366872571147441,0.6175720691680908,4.150540828704834,0.0
1659366872614363670,0.6142884492874146,4.160144329071045,0.0
1659366872657801866,0.6127882599830627,4.164123058319092,0.0
1659366872706377983,0.6111518740653992,4.168211936950684,0.0
1659366872750280141,0.6088665723800659,4.173538684844971,0.0
1659366872797941446,0.606969952583313,4.177680969238281,0.0
1659366872842331171,0.6040790677070618,4.183592796325684,0.0
1659366872886852264,0.6019036769866943,4.18776798248291,0.0
1659366872934496879,0.5980964303016663,4.194570541381836,0.0
1659366872979240417,0.5957052111625671,4.198566913604736,0.0
1659366872979423046,0.5919089913368225,4.204521656036377,0.0
1659366873026983737,0.5893223881721497,4.208333492279053,0.0
1659366873079496622,0.5832747220993042,4.216516017913818,0.0
1659366873128674983,0.5805462598800659,4.219908237457275,0.0
1659366873191587209,0.5773663520812988,4.223682880401611,0.0
1659366873234222650,0.5733088850975037,4.228271484375,0.0
1659366873278143882,0.5696364641189575,4.232253074645996,0.0
1659366873326413154,0.5632681250572205,4.238805294036865,0.0
1659366873370523691,0.5594195127487183,4.242580413818359,0.0
1659366873414298057,0.5519980192184448,4.24957799911499,0.0
1659366873462291479,0.5478664040565491,4.2533488273620605,0.0
1659366873510218858,0.5392054319381714,4.260977745056152,0.0
1659366873554337501,0.5349715948104858,4.26455545425415,0.0
1659366873602581977,0.5263521671295166,4.271607398986816,0.0
1659366873646015882,0.521875262260437,4.275167942047119,0.0
1659366873694436550,0.5146180391311646,4.280761241912842,0.0
1659366873742393493,0.5098077058792114,4.2843451499938965,0.0
1659366873742527008,0.502427339553833,4.289689064025879,0.0
1659366873792845010,0.4977543354034424,4.292988300323486,0.0
1659366873820436000,0.49090778827667236,4.297728061676025,0.0
1659366873871026992,0.48677897453308105,4.30052375793457,0.0
1659366873915827035,0.4804057478904724,4.304651737213135,0.0
1659366873961611032,0.4765213429927826,4.307032585144043,0.0
1659366874008493661,0.47215166687965393,4.309588432312012,0.0
1659366874054485797,0.4659331738948822,4.313040256500244,0.0
1659366874098200082,0.4613300561904907,4.315489292144775,0.0
1659366874142408847,0.45334097743034363,4.319489479064941,0.0
1659366874193617343,0.4487585425376892,4.321640491485596,0.0
1659366874238611221,0.44015616178512573,4.325405597686768,0.0
1659366874282340288,0.43586379289627075,4.327146053314209,0.0
1659366874331461429,0.42839890718460083,4.329946517944336,0.0
1659366874374356269,0.424044132232666,4.331448554992676,0.0
1659366874418292045,0.41745564341545105,4.333531379699707,0.0
1659366874466326951,0.41283413767814636,4.3348612785339355,0.0
1659366874466405630,0.4060235023498535,4.336629390716553,0.0
1659366874511851787,0.4013383090496063,4.337713718414307,0.0
1659366874534959316,0.39402318000793457,4.339210510253906,0.0
1659366874583827018,0.3893376588821411,4.34004020690918,0.0
1659366874637243032,0.3804951012134552,4.341320037841797,0.0
1659366874686245918,0.3759419322013855,4.341826438903809,0.0
1659366874730240583,0.3692329227924347,4.342390060424805,0.0
1659366874774425029,0.3649376928806305,4.342645168304443,0.0
1659366874818763256,0.3563863933086395,4.342897891998291,0.0
1659366874862934350,0.35213419795036316,4.342898845672607,0.0
1659366874906322956,0.346086710691452,4.342752456665039,0.0
1659366874950374364,0.3420164883136749,4.342555046081543,0.0
1659366874997283697,0.33452215790748596,4.341968059539795,0.0
1659366875042197704,0.3304959535598755,4.341532230377197,0.0
1659366875086817264,0.32292330265045166,4.340491771697998,0.0
1659366875132103919,0.3191777765750885,4.339870929718018,0.0
1659366875178822040,0.3130587339401245,4.338719367980957,0.0
1659366875222700119,0.30914562940597534,4.337894439697266,0.0
1659366875266494035,0.302564799785614,4.336357593536377,0.0
1659366875314781427,0.2986178398132324,4.335343837738037,0.0
1659366875358459472,0.29195329546928406,4.333518981933594,0.0
1659366875402341842,0.28730952739715576,4.332174777984619,0.0
1659366875446246862,0.27859175205230713,4.329524040222168,0.0
1659366875490455150,0.2733083665370941,4.327847480773926,0.0
1659366875538415670,0.2608333230018616,4.323732376098633,0.0
1659366875582219600,0.255057692527771,4.321770191192627,0.0
1659366875627084970,0.24896331131458282,4.319645404815674,0.0
1659366875670067787,0.24122418463230133,4.31685733795166,0.0
1659366875718461036,0.2354077249765396,4.314707279205322,0.0
1659366875764331579,0.22554205358028412,4.3109564781188965,0.0
1659366875810271739,0.22012148797512054,4.308833599090576,0.0
1659366875860427856,0.21444055438041687,4.306543350219727,0.0
1659366875860512256,0.20810754597187042,4.303908824920654,0.0
1659366875910754442,0.2033349573612213,4.301872730255127,0.0
1659366875916742324,0.19547416269779205,4.298433303833008,0.0
1659366875970721006,0.19124828279018402,4.296536922454834,0.0
1659366876015390872,0.1840633749961853,4.29319953918457,0.0
1659366876062190055,0.18005092442035675,4.291264533996582,0.0
1659366876106161355,0.17265485227108002,4.287606239318848,0.0
1659366876151993274,0.16786311566829681,4.285191535949707,0.0
1659366876201676130,0.15896780788898468,4.280627727508545,0.0
1659366876251084804,0.1549759954214096,4.278538703918457,0.0
1659366876294459104,0.1483435034751892,4.27500057220459,0.0
1659366876338855266,0.14447413384914398,4.272897243499756,0.0
1659366876386307239,0.13705700635910034,4.268736839294434,0.0
1659366876434342384,0.1331799030303955,4.2664923667907715,0.0
1659366876484040498,0.12399228662252426,4.260995388031006,0.0
1659366876531263589,0.12013695389032364,4.258615493774414,0.0
1659366876583090066,0.1155453771352768,4.255742073059082,0.0
1659366876626218795,0.10852774232625961,4.251306533813477,0.0
1659366876670574903,0.10344401001930237,4.248075008392334,0.0
1659366876714915990,0.09281744062900543,4.241343021392822,0.0
1659366876762445211,0.08690394461154938,4.237624168395996,0.0
1659366876806143045,0.0780269131064415,4.232056617736816,0.0
1659366876850609779,0.07240433990955353,4.228540420532227,0.0
1659366876898227691,0.06441555917263031,4.223556995391846,0.0
1659366876943162202,0.05927961692214012,4.22036075592041,0.0
1659366876993839502,0.053475797176361084,4.216752529144287,0.0
1659366876994023561,0.04711306095123291,4.212797164916992,0.0
1659366877038262605,0.041910771280527115,4.209563732147217,0.0
1659366877051794767,0.03321567550301552,4.2041826248168945,0.0
1659366877102504014,0.028451863676309586,4.201251029968262,0.0
1659366877150403738,0.019427785649895668,4.195728302001953,0.0
1659366877200012207,0.014564737677574158,4.192764759063721,0.0
1659366877251321315,0.005964767187833786,4.187567710876465,0.0
1659366877302068710,0.000725187303032726,4.184444427490234,0.0
1659366877350637197,-0.008443869650363922,4.179065227508545,0.0
1659366877396436691,-0.013857230544090271,4.175938129425049,0.0
1659366877441865205,-0.024186624214053154,4.169986724853516,0.0
1659366877485923767,-0.029620002955198288,4.166843414306641,0.0
1659366877531233549,-0.03822432458400726,4.1618523597717285,0.0
1659366877582051753,-0.04370070621371269,4.158682346343994,0.0
1659366877630980014,-0.049644436687231064,4.155258655548096,0.0
1659366877631170272,-0.057320766150951385,4.150836944580078,0.0
1659366877676820755,-0.06295156478881836,4.147580146789551,0.0
1659366877699409961,-0.07263482362031937,4.141977310180664,0.0
1659366877750401020,-0.07812058180570602,4.138823509216309,0.0
1659366877807352542,-0.08886322379112244,4.132676601409912,0.0
1659366877850423812,-0.09424740076065063,4.1296000480651855,0.0
1659366877898425579,-0.10196227580308914,4.125194549560547,0.0
1659366877942209243,-0.10710668563842773,4.122259616851807,0.0
1659366877987273931,-0.11818446218967438,4.116036891937256,0.0
1659366878035252809,-0.12350329756736755,4.113102436065674,0.0
1659366878078260421,-0.13301852345466614,4.1078715324401855,0.0
1659366878126206159,-0.13843150436878204,4.104898452758789,0.0
1659366878170329332,-0.14752927422523499,4.099959373474121,0.0
1659366878215352058,-0.15322116017341614,4.096916675567627,0.0
1659366878262075901,-0.16170094907283783,4.092432022094727,0.0
1659366878306638479,-0.1674393266439438,4.089422702789307,0.0
1659366878350366830,-0.17741230130195618,4.084187984466553,0.0
1659366878398422002,-0.18302853405475616,4.081218242645264,0.0
1659366878446043491,-0.19541458785533905,4.074753761291504,0.0
1659366878494191884,-0.20116734504699707,4.071827411651611,0.0
1659366878538169384,-0.21143251657485962,4.0666632652282715,0.0
1659366878586310625,-0.21715323626995087,4.063786029815674,0.0
1659366878631724596,-0.22643603384494781,4.059146881103516,0.0
1659366878674058198,-0.23204490542411804,4.056385517120361,0.0
1659366878717911720,-0.24212346971035004,4.051471710205078,0.0
1659366878761860132,-0.24763311445713043,4.048795700073242,0.0
1659366878809758663,-0.25647851824760437,4.044529438018799,0.0
1659366878853932380,-0.26200857758522034,4.041895866394043,0.0
1659366878897933721,-0.27332162857055664,4.036631107330322,0.0
1659366878941873550,-0.27898848056793213,4.034051418304443,0.0
1659366878985847949,-0.2881813645362854,4.029932022094727,0.0
1659366879029772043,-0.29385611414909363,4.027431964874268,0.0
1659366879074082374,-0.30212628841400146,4.023854732513428,0.0
1659366879121780395,-0.3078867793083191,4.021425724029541,0.0
1659366879165956020,-0.31887632608413696,4.016937732696533,0.0
1659366879210745334,-0.3244975507259369,4.014702796936035,0.0
1659366879257883071,-0.33293417096138,4.011396884918213,0.0
1659366879317426919,-0.3385283350944519,4.0092315673828125,0.0
1659366879317515373,-0.3477873206138611,4.0057373046875,0.0
1659366879366746902,-0.3533031940460205,4.00372314453125,0.0
1659366879374544858,-0.36234694719314575,4.000524520874023,0.0
1659366879423532485,-0.3680432140827179,3.9985649585723877,0.0
1659366879479419231,-0.3741578757762909,3.9964990615844727,0.0
1659366879521896123,-0.38197121024131775,3.993926525115967,0.0
1659366879565884113,-0.38770756125450134,3.9920873641967773,0.0
1659366879613450527,-0.3975227177143097,3.989043951034546,0.0
1659366879663067579,-0.4030745029449463,3.9873788356781006,0.0
1659366879663611650,-0.41169998049736023,3.9848616123199463,0.0
1659366879743326663,-0.41746971011161804,3.983220338821411,0.0
1659366879743464231,-0.42601412534713745,3.980881452560425,0.0
1659366879789891958,-0.43169552087783813,3.9793972969055176,0.0
1659366879819803714,-0.4405662417411804,3.9772069454193115,0.0
1659366879868593931,-0.44618716835975647,3.975900173187256,0.0
1659366879925692081,-0.4595572352409363,3.9729435443878174,0.0
1659366879974907875,-0.465427428483963,3.9717087745666504,0.0
1659366880031507968,-0.4715539515018463,3.970463752746582,0.0
1659366880074256181,-0.47927960753440857,3.9689548015594482,0.0
1659366880118243932,-0.4851019084453583,3.9678688049316406,0.0
1659366880162327051,-0.49554842710494995,3.966041088104248,0.0
1659366880206307649,-0.5018442273139954,3.9650187492370605,0.0
1659366880250508546,-0.5108517408370972,3.963644027709961,0.0
1659366880294531106,-0.5171393156051636,3.9627346992492676,0.0
1659366880342171669,-0.5237338542938232,3.961827039718628,0.0
1659366880390485286,-0.5325232148170471,3.9607203006744385,0.0
1659366880438448429,-0.5387094020843506,3.9600138664245605,0.0
1659366880438549280,-0.5492528676986694,3.958871603012085,0.0
1659366880482435226,-0.5558488965034485,3.9581878185272217,0.0
1659366880529206991,-0.5622725486755371,3.9575605392456055,0.0
1659366880577165365,-0.570919394493103,3.956785202026367,0.0
1659366880624057054,-0.5769225358963013,3.956284999847412,0.0
1659366880670021295,-0.58757084608078,3.955448627471924,0.0
1659366880717731237,-0.5937296152114868,3.9549906253814697,0.0
1659366880765924453,-0.6073431372642517,3.9541025161743164,0.0
1659366880817177772,-0.6134588718414307,3.9537622928619385,0.0
1659366880865899324,-0.6254188418388367,3.9532265663146973,0.0
1659366880909742593,-0.6314650177955627,3.953033447265625,0.0
1659366880954296112,-0.6432313323020935,3.9527599811553955,0.0
1659366881001786947,-0.6492037177085876,3.952655553817749,0.0
1659366881045979499,-0.6586183905601501,3.9525251388549805,0.0
1659366881090463638,-0.6652242541313171,3.952467441558838,0.0
1659366881090737819,-0.6741083264350891,3.95247220993042,0.0
1659366881138969182,-0.6802078485488892,3.9525363445281982,0.0
1659366881173648834,-0.6888120770454407,3.9526922702789307,0.0
1659366881226913452,-0.6947583556175232,3.9528369903564453,0.0
1659366881269604444,-0.7066741585731506,3.9532008171081543,0.0
1659366881314161300,-0.7126684188842773,3.9534292221069336,0.0
1659366881369228363,-0.7190404534339905,3.953711986541748,0.0
1659366881416675806,-0.7283188700675964,3.9541561603546143,0.0
1659366881465709924,-0.7343094348907471,3.9544670581817627,0.0
1659366881514194488,-0.7450953125953674,3.955153226852417,0.0
1659366881558120489,-0.7509254217147827,3.955594539642334,0.0
1659366881605835676,-0.7592730522155762,3.956305503845215,0.0
1659366881650173187,-0.7644142508506775,3.9567837715148926,0.0
1659366881702051162,-0.7700796723365784,3.957362651824951,0.0
1659366881702134370,-0.7771419882774353,3.958204507827759,0.0
1659366881745825052,-0.7823338508605957,3.9589083194732666,0.0
1659366881758028030,-0.7917420268058777,3.9603421688079834,0.0
1659366881807926177,-0.7973600625991821,3.9612748622894287,0.0
1659366881859058380,-0.8081232309341431,3.9632012844085693,0.0
1659366881911365747,-0.8138632774353027,3.964313507080078,0.0
1659366881953793764,-0.8226680159568787,3.9661056995391846,0.0
1659366881998006343,-0.828313410282135,3.9673025608062744,0.0
1659366882045766115,-0.8375555276870728,3.9693500995635986,0.0
1659366882093718290,-0.8431059122085571,3.9706249237060547,0.0
1659366882141782999,-0.855255126953125,3.9735801219940186,0.0
1659366882185804128,-0.8608155846595764,3.9750266075134277,0.0
1659366882233943462,-0.86662757396698,3.9766104221343994,0.0
1659366882277809381,-0.8735824823379517,3.9786179065704346,0.0
1659366882321804285,-0.8785211443901062,3.9801247119903564,0.0
1659366882370048284,-0.8864894509315491,3.9827120304107666,0.0
1659366882414682388,-0.8915180563926697,3.984433889389038,0.0
1659366882457787036,-0.9019293785095215,3.988168239593506,0.0
1659366882502080440,-0.9070008993148804,3.990070343017578,0.0
1659366882546538829,-0.914679229259491,3.993091344833374,0.0
1659366882590235948,-0.9198734164237976,3.995234489440918,0.0
1659366882634346485,-0.9319318532943726,4.000445365905762,0.0
1659366882682318449,-0.937125027179718,4.002782821655273,0.0
1659366882745124816,-0.9425230622291565,4.0052809715271,0.0
1659366882745259761,-0.9495499730110168,4.0086565017700195,0.0
1659366882795361518,-0.9544479846954346,4.011085033416748,0.0
1659366882811197757,-0.9628058075904846,4.0153656005859375,0.0
1659366882862565279,-0.9677057862281799,4.0179572105407715,0.0
1659366882906419992,-0.9752941131591797,4.022122383117676,0.0
1659366882950569391,-0.9799105525016785,4.024756908416748,0.0
1659366883002231836,-0.9881149530410767,4.029629230499268,0.0
1659366883054046154,-0.9928264021873474,4.0325493812561035,0.0
1659366883098414659,-0.9999654293060303,4.037170886993408,0.0
1659366883146106481,-1.0043326616287231,4.0401105880737305,0.0
1659366883190600156,-1.0118801593780518,4.045438289642334,0.0
1659366883246925354,-1.0160681009292603,4.048544406890869,0.0
1659366883290621995,-1.0224509239196777,4.0534892082214355,0.0
1659366883336117982,-1.0263514518737793,4.056635856628418,0.0
1659366883380379676,-1.0305688381195068,4.060154438018799,0.0
1659366883380448818,-1.0363794565200806,4.065237045288086,0.0
1659366883430184602,-1.040535807609558,4.069018363952637,0.0
1659366883452995061,-1.0476998090744019,4.075772285461426,0.0
1659366883503080844,-1.0517221689224243,4.079695701599121,0.0
1659366883559916019,-1.0558357238769531,4.083815097808838,0.0
1659366883609665393,-1.0615601539611816,4.089687347412109,0.0
1659366883657828330,-1.0657851696014404,4.094051837921143,0.0
1659366883702028989,-1.0722037553787231,4.100661277770996,0.0
1659366883747228145,-1.0765715837478638,4.105169296264648,0.0
1659366883747621536,-1.0821638107299805,4.110993385314941,0.0
1659366883791456460,-1.0860850811004639,4.115123271942139,0.0
1659366883844472885,-1.0945607423782349,4.1243157386779785,0.0
1659366883893662691,-1.0982187986373901,4.12841272354126,0.0
1659366883949865818,-1.1050362586975098,4.136303424835205,0.0
1659366883999745130,-1.1079986095428467,4.139863967895508,0.0
1659366884058051586,-1.111096739768982,4.143673419952393,0.0
1659366884102253675,-1.11576247215271,4.149535179138184,0.0
1659366884146358013,-1.1191143989562988,4.15382194519043,0.0
1659366884190217018,-1.124959111213684,4.161555767059326,0.0
1659366884238296270,-1.1281895637512207,4.16602897644043,0.0
1659366884286251544,-1.1323585510253906,4.17203950881958,0.0
1659366884334269046,-1.1356040239334106,4.176902770996094,0.0
1659366884378170251,-1.1427298784255981,4.188088417053223,0.0
1659366884422134876,-1.1457504034042358,4.193035125732422,0.0
1659366884470582246,-1.1488450765609741,4.198232650756836,0.0
1659366884514434814,-1.1530301570892334,4.205461025238037,0.0
1659366884558343410,-1.1557667255401611,4.210310459136963,0.0
1659366884602854728,-1.16070556640625,4.219379425048828,0.0
1659366884646255254,-1.1635621786117554,4.224826335906982,0.0
1659366884690579414,-1.1664409637451172,4.230432987213135,0.0
1659366884734493255,-1.1703128814697266,4.238146781921387,0.0
1659366884779510974,-1.1728408336639404,4.2433061599731445,0.0
1659366884779715061,-1.1774319410324097,4.252922058105469,0.0
1659366884822933197,-1.1801427602767944,4.258723735809326,0.0
1659366884877022504,-1.1854206323623657,4.270476341247559,0.0
1659366884926509618,-1.1875680685043335,4.275504112243652,0.0
1659366884981831073,-1.1897474527359009,4.280765533447266,0.0
1659366885031603097,-1.1923476457595825,4.287276744842529,0.0
1659366885076229572,-1.194197177886963,4.292097568511963,0.0
1659366885126397132,-1.1974037885665894,4.301003932952881,0.0
1659366885170060634,-1.1990602016448975,4.3059210777282715,0.0
1659366885218484401,-1.2020695209503174,4.315481662750244,0.0
1659366885262416839,-1.2035391330718994,4.320484161376953,0.0
1659366885262547254,-1.2055127620697021,4.327685356140137,0.0
1659366885307195425,-1.2067700624465942,4.332641124725342,0.0
1659366885358114242,-1.209187626838684,4.34309720993042,0.0
1659366885409869909,-1.2080776691436768,4.3378214836120605,0.0
1659366885458109617,-1.209773063659668,4.346438884735107,0.0
1659366885506245374,-1.2107796669006348,4.35191535949707,0.0
1659366885550074100,-1.2124311923980713,4.361621856689453,0.0
1659366885598360061,-1.2133158445358276,4.367273330688477,0.0
1659366885642619371,-1.2142283916473389,4.373406887054443,0.0
1659366885691840171,-1.2154226303100586,4.381877899169922,0.0
1659366885738729715,-1.2162199020385742,4.387848854064941,0.0
1659366885738816022,-1.2173542976379395,4.396966457366943,0.0
1659366885786178827,-1.218017816543579,4.402801036834717,0.0
1659366885812955856,-1.2190824747085571,4.413301944732666,0.0
1659366885863088130,-1.21958327293396,4.418898582458496,0.0
1659366885914057970,-1.220367670059204,4.429576396942139,0.0
1659366885963978767,-1.2206692695617676,4.435035228729248,0.0
1659366886047406911,-1.220980167388916,4.443103313446045,0.0
1659366886047536611,-1.2210880517959595,4.448012351989746,0.0
1659366886089795351,-1.2211183309555054,4.455453395843506,0.0
1659366886123353242,-1.2210520505905151,4.4599833488464355,0.0
1659366886178704738,-1.2206385135650635,4.470276355743408,0.0
1659366886231063365,-1.220323920249939,4.474973678588867,0.0
1659366886273610591,-1.2196520566940308,4.482409954071045,0.0
1659366886317808628,-1.2191733121871948,4.486635208129883,0.0
1659366886361658096,-1.2185139656066895,4.49144983291626,0.0
1659366886407488107,-1.2182254791259766,4.493274688720703,0.0
1659366886450472354,-1.2179652452468872,4.4947967529296875,0.0
1659366886493644475,-1.217897891998291,4.495170593261719,0.0
1659366886537835121,-1.217857003211975,4.495394706726074,0.0
1659366886581748485,-1.217857003211975,4.495394706726074,0.0
1659366886626210927,-1.2178524732589722,4.495419502258301,0.0
1659366886673977851,-1.217857003211975,4.495394706726074,0.0
1659366886722823619,-1.2178524732589722,4.495419502258301,0.0
1659366886722924947,-1.2178524732589722,4.495419502258301,0.0
1659366886767174720,-1.2178524732589722,4.495419502258301,0.0
1659366886796130895,-1.2178524732589722,4.495419502258301,0.0
1659366886857913494,-1.2178524732589722,4.495419502258301,0.0
1659366886902050018,-1.2178524732589722,4.495419502258301,0.0
1659366886953699827,-1.2178524732589722,4.495419502258301,0.0
1659366887001801729,-1.2178524732589722,4.495419502258301,0.0
1659366887045692205,-1.2178524732589722,4.495419502258301,0.0
1659366887089747905,-1.2178524732589722,4.495419502258301,0.0
1659366887133888483,-1.2178524732589722,4.495419502258301,0.0
1659366887181989431,-1.2178524732589722,4.495419502258301,0.0
1659366887237307548,-1.2178524732589722,4.495419502258301,0.0
1659366887237402915,-1.2178524732589722,4.495419502258301,0.0
1659366887282893657,-1.2178524732589722,4.495419502258301,0.0
1659366887336486816,-1.2178524732589722,4.495419502258301,0.0
1659366887382730722,-1.2178524732589722,4.495419502258301,0.0
1659366887426400423,-1.2178524732589722,4.495419502258301,0.0
1659366887470266103,-1.2178524732589722,4.495419502258301,0.0
1659366887514337062,-1.2178524732589722,4.495419502258301,0.0
1659366887558336257,-1.2178524732589722,4.495419502258301,0.0
1659366887602353811,-1.2178524732589722,4.495419502258301,0.0
1659366887647077322,-1.2178524732589722,4.495419502258301,0.0
1659366887690401554,-1.2178524732589722,4.495419502258301,0.0
1659366887740144014,-1.2178524732589722,4.495419502258301,0.0
1659366887782432079,-1.2178524732589722,4.495419502258301,0.0
1659366887826189994,-1.2178524732589722,4.495419502258301,0.0
1659366887870411872,-1.2178524732589722,4.495419502258301,0.0
1659366887915490627,-1.2178524732589722,4.495419502258301,0.0
1659366887915589094,-1.2178524732589722,4.495419502258301,0.0
1659366887961016416,-1.2178524732589722,4.495419502258301,0.0
1659366888016978025,-1.2178524732589722,4.495419502258301,0.0
1659366888068884849,-1.2178524732589722,4.495419502258301,0.0
1659366888124112367,-1.2178524732589722,4.495419502258301,0.0
1659366888176585674,-1.2178524732589722,4.495419502258301,0.0
1659366888223432302,-1.2178524732589722,4.495419502258301,0.0
1659366888267246007,-1.2178524732589722,4.495419502258301,0.0
1659366888326764822,-1.2178524732589722,4.495419502258301,0.0
1659366888370260477,-1.2178524732589722,4.495419502258301,0.0
1659366888414394855,-1.2178524732589722,4.495419502258301,0.0
1659366888468889951,-1.2178524732589722,4.495419502258301,0.0
1659366888514552593,-1.2178524732589722,4.495419502258301,0.0
1659366888559109210,-1.2178524732589722,4.495419502258301,0.0
1659366888602305650,-1.2178524732589722,4.495419502258301,0.0
1659366888646160602,-1.2178524732589722,4.495419502258301,0.0
1659366888690295457,-1.2178524732589722,4.495419502258301,0.0
1659366888734258174,-1.2178524732589722,4.495419502258301,0.0
1659366888778164625,-1.2178524732589722,4.495419502258301,0.0
1659366888822189569,-1.2178524732589722,4.495419502258301,0.0
1659366888866615056,-1.2178524732589722,4.495419502258301,0.0
1659366888910245418,-1.2178524732589722,4.495419502258301,0.0
1659366888954349994,-1.2178524732589722,4.495419502258301,0.0
1659366888998397588,-1.2178524732589722,4.495419502258301,0.0
1659366889045558691,-1.2178524732589722,4.495419502258301,0.0
1659366889045696735,-1.2178524732589722,4.495419502258301,0.0
1659366889090563297,-1.2178524732589722,4.495419502258301,0.0
1659366889140663862,-1.2178524732589722,4.495419502258301,0.0
1659366889186241388,-1.2178524732589722,4.495419502258301,0.0
1659366889230430364,-1.2178524732589722,4.495419502258301,0.0
1659366889276126623,-1.2178524732589722,4.495419502258301,0.0
1659366889322477340,-1.2178524732589722,4.495419502258301,0.0
1659366889366248130,-1.2178524732589722,4.495419502258301,0.0
1659366889410326719,-1.2178524732589722,4.495419502258301,0.0
1659366889454067707,-1.2178524732589722,4.495419502258301,0.0
1659366889498274564,-1.2178524732589722,4.495419502258301,0.0
1659366889542153120,-1.2178524732589722,4.495419502258301,0.0
1659366889588910102,-1.2178524732589722,4.495419502258301,0.0
1659366889588979244,-1.2178524732589722,4.495419502258301,0.0
1659366889644531488,-1.2178524732589722,4.495419502258301,0.0
1659366889667244195,-1.2178524732589722,4.495419502258301,0.0
1659366889721808910,-1.2178524732589722,4.495419502258301,0.0
1659366889777932882,-1.2178524732589722,4.495419502258301,0.0
1659366889822162628,-1.2178524732589722,4.495419502258301,0.0
1659366889866415977,-1.2178524732589722,4.495419502258301,0.0
1659366889910421133,-1.2178524732589722,4.495419502258301,0.0
1659366889954549312,-1.2178524732589722,4.495419502258301,0.0
1659366889998550415,-1.2178524732589722,4.495419502258301,0.0
1659366890044563293,-1.2178524732589722,4.495419502258301,0.0
1659366890090121507,-1.2178524732589722,4.495419502258301,0.0
1659366890135313987,-1.2178524732589722,4.495419502258301,0.0
1659366890182465553,-1.2178524732589722,4.495419502258301,0.0
1659366890226413965,-1.2178524732589722,4.495419502258301,0.0
1659366890270316123,-1.2178524732589722,4.495419502258301,0.0
1659366890318350791,-1.2178524732589722,4.495419502258301,0.0
1659366890362746715,-1.2178524732589722,4.495419502258301,0.0
1659366890410484552,-1.2178524732589722,4.495419502258301,0.0
1659366890454295158,-1.2178524732589722,4.495419502258301,0.0
1659366890498316526,-1.2178524732589722,4.495419502258301,0.0
1659366890542164564,-1.2178524732589722,4.495419502258301,0.0
1659366890586397171,-1.2178524732589722,4.495419502258301,0.0
1659366890634206295,-1.2178524732589722,4.495419502258301,0.0
1659366890678172111,-1.2178524732589722,4.495419502258301,0.0
1659366890737158060,-1.2178524732589722,4.495419502258301,0.0
1659366890841429710,-1.2178524732589722,4.495419502258301,0.0
1659366890841652393,-1.2178524732589722,4.495419502258301,0.0
1659366890844965934,-1.2178524732589722,4.495419502258301,0.0
1659366890897744894,-1.2178524732589722,4.495419502258301,0.0
1659366890921350479,-1.2178524732589722,4.495419502258301,0.0
1659366890976505517,-1.2178524732589722,4.495419502258301,0.0
1659366891022408008,-1.2178524732589722,4.495419502258301,0.0
1659366891070364475,-1.2178524732589722,4.495419502258301,0.0
1659366891114006519,-1.2178524732589722,4.495419502258301,0.0
1659366891161895751,-1.2178524732589722,4.495419502258301,0.0
1659366891210411071,-1.2178524732589722,4.495419502258301,0.0
1659366891259469270,-1.2178524732589722,4.495419502258301,0.0
1659366891259649276,-1.2178524732589722,4.495419502258301,0.0
1659366891310474395,-1.2178524732589722,4.495419502258301,0.0
1659366891340440511,-1.2178524732589722,4.495419502258301,0.0
1659366891396252155,-1.2178524732589722,4.495419502258301,0.0
1659366891449553489,-1.2178524732589722,4.495419502258301,0.0
1659366891496091604,-1.2178524732589722,4.495419502258301,0.0
1659366891538104295,-1.2178524732589722,4.495419502258301,0.0
1659366891583600997,-1.2178524732589722,4.495419502258301,0.0
1659366891626285791,-1.2178524732589722,4.495419502258301,0.0
1659366891671175241,-1.2178524732589722,4.495419502258301,0.0
1659366891718297958,-1.2178524732589722,4.495419502258301,0.0
1659366891764373540,-1.2178524732589722,4.495419502258301,0.0
1659366891810066699,-1.2178524732589722,4.495419502258301,0.0
1659366891854282140,-1.2178524732589722,4.495419502258301,0.0
1659366891898344993,-1.2178524732589722,4.495419502258301,0.0
1659366891944983005,-1.2178524732589722,4.495419502258301,0.0
1659366891994243383,-1.2178524732589722,4.495419502258301,0.0
1659366892051706075,-1.2178524732589722,4.495419502258301,0.0
1659366892098564624,-1.2178524732589722,4.495419502258301,0.0
1659366892146919012,-1.2178524732589722,4.495419502258301,0.0
1659366892189691305,-1.2178524732589722,4.495419502258301,0.0
1659366892237750768,-1.2178524732589722,4.495419502258301,0.0
1659366892281574249,-1.2178524732589722,4.495419502258301,0.0
1659366892329878807,-1.2178524732589722,4.495419502258301,0.0
1659366892373862028,-1.2178524732589722,4.495419502258301,0.0
1659366892417700290,-1.2178524732589722,4.495419502258301,0.0
1659366892461935758,-1.2178524732589722,4.495419502258301,0.0
1659366892507207155,-1.2178524732589722,4.495419502258301,0.0
1659366892551384210,-1.2178524732589722,4.495419502258301,0.0
1659366892593779802,-1.2178524732589722,4.495419502258301,0.0
1659366892638006687,-1.2178524732589722,4.495419502258301,0.0
1659366892685587882,-1.2178524732589722,4.495419502258301,0.0
1659366892733828783,-1.2178524732589722,4.495419502258301,0.0
1659366892733896732,-1.2178524732589722,4.495419502258301,0.0
1659366892844030141,-1.2178524732589722,4.495419502258301,0.0
1659366892844170570,-1.2178524732589722,4.495419502258301,0.0
1659366892889854669,-1.2178524732589722,4.495419502258301,0.0
1659366892891568183,-1.2178524732589722,4.495419502258301,0.0
1659366892957544803,-1.2178524732589722,4.495419502258301,0.0
1659366893006355762,-1.2178524732589722,4.495419502258301,0.0
1659366893055462837,-1.2178524732589722,4.495419502258301,0.0
1659366893098464727,-1.2178524732589722,4.495419502258301,0.0
1659366893145775318,-1.2178524732589722,4.495419502258301,0.0
1659366893194490194,-1.2178524732589722,4.495419502258301,0.0
1659366893238620042,-1.2178524732589722,4.495419502258301,0.0
1659366893282454490,-1.2178524732589722,4.495419502258301,0.0
1659366893326352119,-1.2178524732589722,4.495419502258301,0.0
1659366893372043609,-1.2178524732589722,4.495419502258301,0.0
1659366893414903879,-1.2178524732589722,4.495419502258301,0.0
1659366893458882331,-1.2178524732589722,4.495419502258301,0.0
1659366893502996444,-1.2178524732589722,4.495419502258301,0.0
1659366893547165870,-1.2178524732589722,4.495419502258301,0.0
1659366893590643882,-1.2178524732589722,4.495419502258301,0.0
1659366893634852170,-1.2178524732589722,4.495419502258301,0.0
1659366893679005146,-1.2178524732589722,4.495419502258301,0.0
1659366893722451686,-1.2178524732589722,4.495419502258301,0.0
1659366893766544103,-1.2178524732589722,4.495419502258301,0.0
1659366893815274238,-1.2178524732589722,4.495419502258301,0.0
1659366893868755817,-1.2178524732589722,4.495419502258301,0.0
1659366893914462566,-1.2178524732589722,4.495419502258301,0.0
1659366893959104299,-1.2178524732589722,4.495419502258301,0.0
1659366894002681970,-1.2178524732589722,4.495419502258301,0.0
1659366894046852111,-1.2178524732589722,4.495419502258301,0.0
1659366894093417167,-1.2178524732589722,4.495419502258301,0.0
1659366894138916015,-1.2178524732589722,4.495419502258301,0.0
1659366894182836771,-1.2178524732589722,4.495419502258301,0.0
1659366894227759361,-1.2178524732589722,4.495419502258301,0.0
1659366894270629882,-1.2178524732589722,4.495419502258301,0.0
1659366894314893722,-1.2178524732589722,4.495419502258301,0.0
1659366894358598947,-1.2178524732589722,4.495419502258301,0.0
1659366894402870178,-1.2178524732589722,4.495419502258301,0.0
1659366894446608066,-1.2178524732589722,4.495419502258301,0.0
1659366894491433143,-1.2178524732589722,4.495419502258301,0.0
